Nom,Prix,Avis
"Samsung Galaxy A05 - 6.7"" - Ram 4Go, Rom 64Go - 5000mAh - 4G - Argent",45400.0,4 out of 5
"Samsung Galaxy A06 - 6.7"" - Ram 4Go, Rom 64Go - 5000mAh - 4G - Noir",49900.0,4.2 out of 5
"Huawei Honor 8X 6,5"" 6 Go RAM 128 Go ROM Kirin 710 3750mAh Double Arrière 20MP Caméra - Black",39990.0,3.7 out of 5
"Tecno Tecno Spark 30C - 6.67"" - ROM 128Go - RAM 4Go - Photo 50MP - 5000mAh- Dual SIM – Black - Garantie 12 mois",62900.0,3.8 out of 5
"Samsung Galaxy A05 4G - 6.7"" - Ram 4Go, Rom 64Go - 5000mAh - Noir",45400.0,4.1 out of 5
"Samsung Galaxy A06 - 6.7"" - Ram 4Go, Rom 128Go - 5000mAh - 4G – Bleu clair",58900.0,4.5 out of 5
"Samsung Galaxy A05 - 4G - 6.7"" - Ram 4Go, Rom 64Go - 5000mAh - Vert",45400.0,4.2 out of 5
"Samsung Galaxy A05 - 4G - 6.7"" - Ram 4Go, Rom 64Go - 5000mAh - Argent",45400.0,4.1 out of 5
"XIAOMI Poco C65 Neuf  Android 13 4G LTE 50MP Triple Caméra 6.74"" 8GB+256GB Batterie de 5000mAh Smartphone",57990.0,3.7 out of 5
"Samsung Galaxy A05 - 6.7"" - Ram 4Go, Rom 64Go - 5000mAh - 4G - Noir",45400.0,4.4 out of 5
"Samsung Galaxy A06 - 6.7"" - Ram 4Go, Rom 128Go - 5000mAh - 4G - Noir",58900.0,4 out of 5
"Tecno Tecno Spark 30C - 6.67"" - ROM 128Go - RAM 4Go - Photo 50MP - 5000mAh- Dual SIM – White - Garantie 12 mois",62900.0,4 out of 5
"Tecno POP 8 - Ecran 6.6"" HD - 64GB ROM + 2GB RAM – 5000mAh - Noir - Garantie 12 mois",44900.0,3.9 out of 5
"XIAOMI Redmi A3X - 6.71"" - 4G - 2 sim - 4GB Ram - 128GB Rom - 8Mpx/5Mpx - 5000 MAh - Noir - Garantie 12 mois",49900.0,3.5 out of 5
Tecno POP 9 - 128GB ROM + 3GB RAM + 3GB extensible – 5000mAh - Noir - Garantie 12 mois,53900.0,3.9 out of 5
"Tecno POP 8 - Ecran 6.6"" HD - 64GB ROM + 2GB RAM – 5000mAh - Blanc - Garantie 12 mois",46000.0,4.1 out of 5
"XIAOMI Redmi 14C- ROM 256 Gb - RAM 8 Gb - 6.88"" -50Mpx - 5160mAh – Purple - Garantie 12 mois",69900.0,Pas d'avis
"Tecno POP 8 - Ecran 6.6"" HD - 64GB ROM + 3GB RAM – 5000mAh - Noir - Garantie 12 mois",48900.0,4 out of 5
"XIAOMI Redmi 14C - ROM 128 Gb - RAM 4 Gb - 6.88"" -50Mpx - 5160mAh - Noir - Garantie 12 mois",60000.0,3 out of 5
"Infinix Hot 50i - 6,56""- 128Go Rom - 4Go Ram- Triple caméra - 5000 Mah – Vert",62900.0,4.1 out of 5
"Infinix Hot 50i - 6,56""- 128Go Rom - 4Go Ram- Triple caméra - 5000 Mah – Noir",62900.0,4.1 out of 5
"Cuiud C007 4G LTE 128GB ROM+6GB RAM GSM 6.8"" 50MP Triple Camera 5000mAh - Black",49990.0,4 out of 5
"XIAOMI Redmi 14C- ROM 128 Gb - RAM 4 Gb - 6.88"" -50Mpx - 5160mAh - Green - Garantie 12 mois",60000.0,4 out of 5
"Huawei Psmart+ 2019 Remis à Neuf 6,2 Pouces FHD+ 4 Go + 128 Go Noir",45000.0,4.2 out of 5
"Itel It2166 -1.77"" -Dual Sim-Fm -Camera/Vidéo-Wireless Fm-MicroSd-Bleutooth",5150.0,3.7 out of 5
Tecno POP 9 – 64GB ROM + 3GB RAM – 5000mAh - Blanc - Garantie 12 mois,50499.0,4 out of 5
"Apple Iphone 6S Plus 5,5""  Rom 64G 5Mp+12Mp 2750Mah Or Remis À Neuf 99,9% Neuf",62000.0,Pas d'avis
"Itel It2166 -1.77"" -Dual Sim-Fm -Camera/Vidéo-Wireless Fm-MicroSd-Bleutooth",5150.0,3.7 out of 5
"XIAOMI Redmi A3X - 6.71"" - 4G - 2 sim - 3GB Ram - 64GB Rom - 8Mpx/5Mpx - 5000 MAh - Vert - Garantie 12 mois",39900.0,Pas d'avis
"XIAOMI Redmi A3 pro - 6.88"" - 4G - 2 sim - 4GB Ram - 128GB Rom - 50Mpx - 5160 MAh - Noir - Garantie 12 mois",55125.0,4 out of 5
"Apple Refurbished 99.9%NEW Apple IPhone 6S Plus 5.5"" ROM 64G 5MP+12MP 2750mAh RoseGold",62000.0,2 out of 5
"VILLAON V20 SE 32Go ""5"" HD - RAM 4Go - Dual SIM",29904.0,Pas d'avis
"Tecno Camon 18 Premier - 6.7"" - ROM 256Go -RAM 8Go - 64MP/32MP - 4750mAh -Polar Night",127947.0,4.5 out of 5
"Tecno POP 8 - Ecran 6.6"" HD - 64GB ROM + 3GB RAM – 5000mAh - Blanc - Garantie 12 mois",48900.0,3.8 out of 5
"Samsung Galaxy A05 - 6.7"" - Ram 4Go, Rom 64Go - 5000mAh - 4G - noir",59498.0,4.8 out of 5
"Renewed A31- 6,5"" -6 Go+128 Go Ram Remis À Neuf Double Sim Empreinte Digitale + Déverrouillage Par Visage",41999.0,3.9 out of 5
"Samsung Galaxy A05 - 6.7"" - Ram 4Go, Rom 128Go - 5000mAh - 4G - Vert",75002.0,5 out of 5
VILLAON V20 SE ROM 32Go - RAM 4Go - Dual SIM,32900.0,4.3 out of 5
"Renewed Oppo A3S - 6,2"" -64 Go ROM -4 Go de RAM Remis à neuf 4G LTE Dual SIM déverrouillage facial",33399.0,4 out of 5
"XIAOMI Redmi 14C - ROM 128 Gb - RAM 4 Gb - 6.88"" -50Mpx - 5160mAh - Bleu - Garantie 12 mois",59900.0,Pas d'avis
"Renewed Oppo A31 6 Go de RAM + 128 Go de ROM 6,5″ Refurbished Double SIM  Fingerprint + face unlock",42399.0,3.2 out of 5
"Apple Iphone 6S Plus 99,9 % Neuf Rénové 5,5"" Rom 32G 5Mp+12Mp 2750Mah Rosegold",59000.0,Pas d'avis
"XIAOMI Redmi A3X - 6.71"" - 4G - 2 sim - 4GB Ram - 128GB Rom - 8Mpx/5Mpx - 5000 MAh – Vert - Garantie 12 mois",52800.0,Pas d'avis
Renewed Huawei P smart+ 2019 128G/4G 6.21’’ 3400mAh NFC Reconditionné,38900.0,3.6 out of 5
"Infinix HOT 30i - 4G - 6.6""HD - Dual Sim - 13MP+8MP- 128Go - 4Go  - Batterie 5000 mAh - Noir",85000.0,2 out of 5
"Samsung Galaxy A15- 6.5"" - Ram 4Go RAM - Rom 128Go - Battrie 5000mAh - noir",95004.0,4.6 out of 5
"Huawei Refurbished 99.9%NEW PSmart+ 2019 6.21"" 4GB+128GB 3400mAh 24M+16M+8M Blue",47000.0,Pas d'avis
Samsung Galaxy A15 RAM 8Go - ROM 256Go - 5000 mAh - Bleu,120000.0,Pas d'avis
"XIAOMI Redmi A3 pro - 6.88"" - 4G - 2 sim - 4GB Ram - 128GB Rom - 50Mpx - 5160 MAh – Bleu - Garantie 12 mois",55125.0,Pas d'avis
"Apple Iphone 6S Plus 5,5""  Rom 32G 5Mp+12Mp 2750Mah Or Remis À Neuf 99,9% Neuf",59000.0,Pas d'avis
Samsung Galaxy A05- 4G -6.7’’- RAM 4Go - ROM 64Go - 5000mAh - light Green,78000.0,Pas d'avis
"Apple Iphone 6S Plus Apple Remis À Neuf 99,9% Neuf 5,5"" Rom 32G 5Mp+12Mp 2750Mah Argent",59000.0,Pas d'avis
Samsung Galaxy A35 5G RAM 6Go - ROM 128Go - Light Blue,164900.0,Pas d'avis
"Tecno Spark 30C 6.6"",128GB + 4GB RAM,50MP,5000mAh- Orbit Black",85000.0,Pas d'avis
"Tecno Camon 30 - 4G Ecran 6.78"" - ROM 256Go - RAM 8Go - Caméra arrière 50MP+2MP  - Camera front 50MP Batterie 5000mAh - Basal Tic Dark",165000.0,Pas d'avis
Samsung Galaxy A14 5G RAM 4Go - ROM 128Go - gris,99000.0,5 out of 5
"XIAOMI Redmi 13C - 6.74"" - 256GO ROM - 8GO RAM - 2SIM - 50MP - 5000mAh- bleu",104998.0,4.5 out of 5
"XIAOMI Redmi Note 13 - 6.67"" - 4G - 8/128 Go - 3 Camera ( 100 Mpx ) - 5000mAh - NOIR",92000.0,Pas d'avis
Tecno Spark 20Pro 5G - 256Go Ram 16(8+8)Go - Photo : 108MP,102897.0,4.5 out of 5
"XIAOMI 9T – RAM 6 Go + ROM 128 Go – Ecran 6,63"" – Caméra 48MP – Batterie 6000mAh - Orange",59902.0,Pas d'avis
"Tecno POP 7 - 4G - Ecran 6.6"" - ROM 64Go - Ram 2Go - Caméra13MP - Black",49900.0,3.8 out of 5
"XIAOMI Redmi Note 13 Pro - 256Go Ram 8Go - Écran 6,67"" pouces - Photo 200MP",150000.0,4 out of 5
Kgtel YOLO 2 - RAM 32 GB + 2 GB ROM - 5000 mAh - 24 mois de garantie - Noir,49003.0,3 out of 5
"XIAOMI Redmi Note 13 Pro- 6.71"" - 8 GB/ 256GB -200 MP- 4G - 5000mAh - purple",155004.0,3.7 out of 5
"Infinix HOT 50i- 4G - Ecran 6.7""HD - ROM 128Go - RAM 4Go  - 5000 mAh Sage Green",85000.0,Pas d'avis
Huawei Nova Y70 - Rom 128 Go - Ram 4 Go - 48 Mpx – Ecran 6.75″- EMUI 12,99901.0,Pas d'avis
"XIAOMI Redmi Note 12 PRO 5G - ROM 128GO - RAM 8GO - Ecran 6.67"" - Bleu",218400.0,4 out of 5
"Tecno POP 7 - 4G - Ecran 6.6"" - ROM 64Go - Ram 2Go - Caméra 13MP - Bleu",49900.0,4.3 out of 5
"Kgtel YOLO 3 - 32GB + 2 GBRAM -BATTERIE -5000 MAH -6,3"" ECRAN PLEIN -2 ANS DE GARANTIE",49003.0,5 out of 5
"Tecno Phantom V2 Fold – Pliable 512 Go de Stockage, 12 Go de RAM, Écran AMOLED, Caméra 50 MP",648999.0,4 out of 5
"Tecno Spark 20 - 6.6"" - ROM 256Go - RAM 8Go - Photo 50MP - 5000mAh- Dual SIM -",92900.0,Pas d'avis
"Tecno POP 7 - Ecran 6.6"" HD - ROM 64Go - RAM 2Go - Dual SIM – 5000mAh - noir",49904.0,5 out of 5
"Tecno Spark 30C 6.6"",128GB + 4GB RAM,50MP,5000mAh- Orbit white",85000.0,Pas d'avis
"Tecno Spark 20 - 6.6"" - ROM 256Go - RAM 8Go - Photo 50MP - 5000mAh- noir",95000.0,Pas d'avis
"Tecno POP 8- 4G - Ecran 6.6"" - ROM 64Go Ram 3Go - noir",55001.0,4.2 out of 5
"Samsung Galaxy A05 - 6.7"" - Ram 4Go, Rom 64Go - 5000mAh - 4G - BLANC",63500.0,5 out of 5
"Huawei Y9 2019 - Android - ROM 128Go - RAM 6Go - Ecran 6,5″ - bleu",87000.0,3 out of 5
Samsung Galaxy A04S - 4G -6.5’’- RAM 4Go - ROM 64Go - Caméra 50mp - 5000mAh - Copper,75000.0,5 out of 5
"Tecno Spark 30-6.78"" 256GB + 8GB RAM,50MP,5000mAh- Bumblebee",115000.0,5 out of 5
Samsung Galaxy A14 4G RAM 4Go - ROM 128Go - Noir,95003.0,3 out of 5
Infinix Hot 12 Play - 6.82″ - 4G - Dual Sim - 4Go - 128Go - 13MP/8MP - Océan - Garantie 12 mois,115000.0,Pas d'avis
"Samsung Galaxy A03 Core -  6.5"" Pouces - Ram 2Go, Mémoire 32Go - 8MP - 5000mAh-Noir",59900.0,3.4 out of 5
"Infinix Smart 7 HD - 6.6""HD - Ram 2+2 Go - Rom 64 Go - Camera 8 MP - 5000mAh - 4G - Bleu",52998.0,Pas d'avis
"Tecno Camon 18 Premier - Ecran 6.7"" - ROM 256Go - RAM 8Go - Caméra arrière 64 Triple Rear Camera  - Camera front 32MP Batterie 4750mAh - Vaste Sky",127950.0,4.7 out of 5
"Infinix HOT 40i - 4G - Ecran 6.6""HD - ROM 256Go - RAM 8Go  - 5000 mAh Black",105000.0,3.5 out of 5
"Infinix HOT 50i- 4G - Ecran 6.7""HD - ROM 128Go - RAM 4Go  - 5000 mAh Black",85000.0,1 out of 5
Infinix Smart 6 -3G – Ecran 6.6″ - ROM 32GB - RAM 2GB - Caméra 8/5MP - Cyan,61000.0,4 out of 5
"Itel S17 - 6.6"" - RAM 1Go - ROM 16Go - 8MP - 5000 mAh - Garantie 12 Mois - Green",49254.0,3.9 out of 5
"Samsung Galaxy A03 Core -  6.5"" Pouces - Ram 2Go, Mémoire 32Go - 8MP - 5000mAh-bleu",69997.0,4.4 out of 5
"Samsung Galaxy A05 - 6.7"" - Ram 4Go, Rom 128Go - 5000mAh - 4G - Vert",89997.0,Pas d'avis
"Huawei Y9 2019 - Android - ROM 128Go - RAM 4Go - Ecran 6,5″ - Noir",93000.0,5 out of 5
"Infinix Smart 7 - 4G - 6,6"" HD - Rom 64Go - Ram 2Go - Caméra 8MP - NOIR",53900.0,3.7 out of 5
XIAOMI Redmi  12 – Ecran 6.79″ - ROM 256GB - RAM 8GB - Caméra 50MP - bleu,150000.0,4 out of 5
"Huawei Nova Y90 - 4G - Ecran 6.7"" - RAM 8Go - ROM 128Go - EMUI12 - Noir",145000.0,Pas d'avis
"XIAOMI Redmi Note 12s - 6.43""- 256GB/8GB - 108+8+2MP - 5000mAh - 4G - bleu",117000.0,Pas d'avis
"Samsung Galaxy A03 Core -  6.5"" Pouces - Ram 2Go, Mémoire 32Go - 8MP - 5000mAh-mint",85000.0,3.8 out of 5
"Samsung Galaxy A23- Ecran 6.6"" - Ram 4Go RAM - Rom 64Go - Bleu Clair",110000.0,Pas d'avis
"Samsung Galaxy A05 - 6.7"" - Ram 4Go, Rom 64Go - 5000mAh - 4G - Vert",63000.0,Pas d'avis
"Samsung Galaxy A03s - 6.5"" - Ram 3Go, Mémoire 32Go - 5000mAh - 4G - Bleu",80500.0,Pas d'avis
"Samsung Galaxy A06 - 4G - 2 SIM - 6.7"" - 4/64Go - 50Mpx - 5000 MAh",59904.0,Pas d'avis
"Tecno Spark 10 Pro- Ecran 6.8"" - ROM 256Go - RAM 8Go - Caméra 50MP - blanc",210000.0,Pas d'avis
XIAOMI Redmi 12 - 8Go RAM - 256 Go ROM - 2 SIM - Noir,125000.0,Pas d'avis
"Samsung Galaxy A03 - 4G - 6.5"" - 3Go - 32Go - 48Mpx - 5000 MAh - Noir",68000.0,4.3 out of 5
Samsung Galaxy A14 5G RAM 4Go - ROM 128Go - Noir,140000.0,4.5 out of 5
"Samsung Galaxy A03 - 3Go Ram 32 Go - Écran 6.5"" - Photo 48Mp - noir",83000.0,Pas d'avis
"XIAOMI Note 13 Pro+ 5G - 12/512Go - 6,67"" - 200 Mpx- NOIR",265000.0,2 out of 5
XIAOMI Redmi Note 10 – Ecran 6.67″ - ROM 128GB - RAM 6GB - Caméra 64MP -,200000.0,Pas d'avis
"Samsung Galaxy A14 - Ecran 6.6"" - Ram 4Go RAM - Rom 128Go - camera 50MP- Siver",200000.0,3.7 out of 5
"Infinix HOT 40 Pro - 4G - 6.78""HD - Dual Sim 108MP - 256Go - 8Go  - Batterie 5000 mAh - Gold",130000.0,Pas d'avis
Tecno Spark 9 - 64Go Ram 4Go - Photo 13+2+2 Mp - Selfie 32Mp - bleu,82000.0,3 out of 5
"Samsung Galaxy A03 - 4G - 6.5"" - 3Go - 32Go - 48Mpx - 5000 MAh - Bleu",68000.0,Pas d'avis
Samsung Galaxy A03 - 4G -6.5’’- RAM 3Go - ROM 32Go -Camera Avant 5MP Caméra Arriere 48MP+2MP - 5000mAh - Noir,68900.0,Pas d'avis
Samsung Galaxy A34 5G – Rom 128 Go – Ram 6 Go – Photo 48mpx – Ecran 6.6″ - blanc,199999.0,4 out of 5
XIAOMI Mi 12T Pro / 12Go RAM / 256 Go Stockage / 2SIM / 5G / Silver,475000.0,Pas d'avis
XIAOMI Redmi 12 – Ecran 6.79″ - ROM 256GB - RAM 8GB - Caméra 50MP - polar silver,110900.0,5 out of 5
XIAOMI Redmi note 12 – Ecran 6.67″ - ROM 256GB - RAM 8GB - Caméra 50MP - green,125000.0,4.5 out of 5
"Samsung Galaxy A03 Core -  6.5"" Pouces - Ram 2Go, Mémoire 32Go - 8MP - 5000mAh-onyx",85000.0,Pas d'avis
"Realme C55 - 4G - 6.5"" - RAM 8Go - ROM 256Go - 5000mAh - Rainy night",120000.0,Pas d'avis
Infinix Smart 6 - 4G – Mémoire 32 Go – RAM 2 Go – Photo 13 Mp – Ecran 6.6″ cyan,58000.0,Pas d'avis
"Nokia C1 - Ecran 5.45"" - RAM 1Go - ROM 16Go - Caméra avant 5 Mégapixels - Batterie 2500mAh - bleu",110000.0,3.7 out of 5
